timestamp,rss,uss,pss
1768619156.4109168,262512640,258420736,258480128
1768619157.415945,1271914496,1267781632,1267841024
1768619158.4232883,2312228864,2307989504,2308048896
1768619159.4322982,3377532928,3373342720,3373402112
1768619160.4434953,4431949824,4427706368,4427765760
1768619161.4563222,5509963776,5505773568,5505832960
1768619162.4715745,6538551296,6534324224,6534383616
1768619163.4879522,7570419712,7566270464,7566329856
1768619164.5059054,8519041024,8514834432,8514893824
1768619165.5259054,9634070528,9629863936,9629923328
1768619166.5473368,10725752832,10721615872,10721675264
1768619167.5705378,11781746688,11777581056,11777640448
1768619168.5960555,12832698368,12828475392,12828534784
1768619169.6244357,13947838464,13943623680,13943683072
1768619170.6521168,15034044416,15029854208,15029913600
1768619171.6817784,16098947072,16094711808,16094771200
1768619172.7128677,17137856512,17133617152,17133676544
1768619173.746034,18169569280,18165260288,18165319680
1768619174.7804859,19237134336,19232944128,19233003520
1768619175.8167813,20363509760,20359233536,20359292928
1768619176.853992,21447430144,21443268608,21443328000
1768619177.8940759,22459461632,22455152640,22455212032
1768619178.9351447,23519289344,23515054080,23515113472
1768619179.97729,24623222784,24619008000,24619067392
1768619181.021524,25678864384,25674735616,25674795008
1768619182.0672467,26695045120,26690756608,26690816000
1768619183.1164913,27732045824,27727904768,27727964160
1768619184.1650717,28719415296,28715192320,28715251712
1768619185.2181668,29767008256,29762842624,29762902016
1768619186.2699273,30829940736,30825754624,30825814016
1768619187.3241544,31893151744,31888932864,31888992256
1768619188.3787773,32898179072,32893960192,32894019584
1768619189.4355438,33970749440,33966551040,33966610432
1768619190.4937363,35007467520,35003265024,35003324416
1768619191.553233,36020051968,36015947776,36016007168
1768619192.6136482,36379574272,36375535616,36375595008
1768619193.6734493,36380516352,36376477696,36376537088
1768619194.7342093,36380766208,36376727552,36376786944
1768619195.7941368,36380909568,36376870912,36376930304
1768619196.8560991,36380995584,36376952832,36377012224
1768619197.9168553,36381057024,36377018368,36377077760
1768619198.9773607,36381085696,36377047040,36377106432
1768619200.0379555,36381159424,36377120768,36377180160
1768619201.0979564,36381159424,36377120768,36377180160
1768619202.1586242,36381159424,36377120768,36377180160
1768619203.2185853,36381159424,36377120768,36377180160
1768619204.2785635,36382416896,36378374144,36378433536
1768619205.3396406,36383850496,36379811840,36379871232
1768619206.3997655,36383997952,36379959296,36380018688
1768619207.46047,36384088064,36380049408,36380108800
1768619208.519632,36384825344,36380721152,36380780544
1768619209.5797982,36097200128,36093095936,36093155328
1768619210.6399944,36097200128,36093095936,36093155328
1768619211.7001238,36097200128,36093095936,36093155328
1768619212.7604387,36097200128,36093095936,36093155328
1768619213.820786,36097200128,36093095936,36093155328
1768619214.8808725,36097200128,36093095936,36093155328
1768619215.941863,36097200128,36093095936,36093155328
1768619217.0019715,36097200128,36093095936,36093155328
